{
  "main": {
    "id": "d8eaaa92f46765de",
    "type": "split",
    "children": [
      {
        "id": "e869ef460d6f2d74",
        "type": "tabs",
        "children": [
          {
            "id": "e3b536a9e68b5774",
            "type": "leaf",
            "state": {
              "type": "markdown",
              "state": {
                "file": "Módulo 1 - Introducción y Ambientes de Programación/Programación y su Relevancia.md",
                "mode": "source",
                "source": false
              },
              "icon": "lucide-file",
              "title": "Programación y su Relevancia"
            }
          }
        ]
      },
      {
        "id": "2e174e1e3b7d7f28",
        "type": "tabs",
        "children": [
          {
            "id": "47e094266f039049",
            "type": "leaf",
            "state": {
              "type": "graph",
              "state": {},
              "icon": "lucide-git-fork",
              "title": "Vista gráfica"
            }
          }
        ]
      }
    ],
    "direction": "vertical"
  },
  "left": {
    "id": "14b61c3a5b11df93",
    "type": "split",
    "children": [
      {
        "id": "9579b8c411e17128",
        "type": "tabs",
        "children": [
          {
            "id": "5d00bf5dae09bc06",
            "type": "leaf",
            "state": {
              "type": "file-explorer",
              "state": {
                "sortOrder": "alphabetical",
                "autoReveal": false
              },
              "icon": "lucide-folder-closed",
              "title": "Explorador de archivos"
            }
          },
          {
            "id": "04f995d3946ad94e",
            "type": "leaf",
            "state": {
              "type": "search",
              "state": {
                "query": "",
                "matchingCase": false,
                "explainSearch": false,
                "collapseAll": false,
                "extraContext": false,
                "sortOrder": "alphabetical"
              },
              "icon": "lucide-search",
              "title": "Buscar"
            }
          },
          {
            "id": "65aa30bb7f1f4e11",
            "type": "leaf",
            "state": {
              "type": "bookmarks",
              "state": {},
              "icon": "lucide-bookmark",
              "title": "Marcadores"
            }
          }
        ]
      }
    ],
    "direction": "horizontal",
    "width": 300
  },
  "right": {
    "id": "0ed4f77ae233316b",
    "type": "split",
    "children": [
      {
        "id": "af41eb14b6a08379",
        "type": "tabs",
        "children": [
          {
            "id": "31385029021ce743",
            "type": "leaf",
            "state": {
              "type": "backlink",
              "state": {
                "collapseAll": false,
                "extraContext": false,
                "sortOrder": "alphabetical",
                "showSearch": false,
                "searchQuery": "",
                "backlinkCollapsed": false,
                "unlinkedCollapsed": true
              },
              "icon": "links-coming-in",
              "title": "Enlaces entrantes"
            }
          },
          {
            "id": "ad1bbedb3e804510",
            "type": "leaf",
            "state": {
              "type": "outgoing-link",
              "state": {
                "linksCollapsed": false,
                "unlinkedCollapsed": true
              },
              "icon": "links-going-out",
              "title": "Enlaces salientes"
            }
          },
          {
            "id": "96b1789f272837ee",
            "type": "leaf",
            "state": {
              "type": "tag",
              "state": {
                "sortOrder": "frequency",
                "useHierarchy": true,
                "showSearch": false,
                "searchQuery": ""
              },
              "icon": "lucide-tags",
              "title": "Etiquetas"
            }
          },
          {
            "id": "3966d54302327528",
            "type": "leaf",
            "state": {
              "type": "outline",
              "state": {
                "followCursor": false,
                "showSearch": false,
                "searchQuery": ""
              },
              "icon": "lucide-list",
              "title": "Esquema"
            }
          }
        ]
      }
    ],
    "direction": "horizontal",
    "width": 300,
    "collapsed": true
  },
  "left-ribbon": {
    "hiddenItems": {
      "switcher:Abrir selector rápido": false,
      "graph:Abrir vista gráfica": false,
      "canvas:Crear nuevo lienzo": false,
      "daily-notes:Abrir la nota de hoy": false,
      "templates:Insertar plantilla": false,
      "command-palette:Abrir paleta de comandos": false
    }
  },
  "active": "e3b536a9e68b5774",
  "lastOpenFiles": [
    "Módulo 1 - Introducción y Ambientes de Programación/Programación y su Relevancia.md",
    "Sin nombre",
    "Módulo 2 - Tipos de datos, operadores, cadenas, listas y aleatoriedad/Operaciones con Datos y Variables.md",
    "Módulo 1 - Introducción y Ambientes de Programación/Introducción a Python.md",
    "Módulo 2 - Tipos de datos, operadores, cadenas, listas y aleatoriedad/Aleatoriedad.md",
    "Módulo 2 - Tipos de datos, operadores, cadenas, listas y aleatoriedad/Listas.md",
    "Módulo 2 - Tipos de datos, operadores, cadenas, listas y aleatoriedad/Variables y Tipos de Datos.md",
    "Módulo 3 - Funciones/Funciones.md",
    "Módulo 4 - Estructuras de control/Bucle `while`.md",
    "Módulo general - Funciones especiales/Manejo de Errores con try, except, finally.md",
    "Módulo general - Funciones especiales/Expresiones Regulares (Regex).md",
    "Módulo general - Funciones especiales",
    "Módulo 4 - Estructuras de control/Condicionales.md",
    "Módulo 4 - Estructuras de control/Iteradores `for`.md",
    "Módulo 4 - Estructuras de control",
    "Módulo 3 - Funciones",
    "Módulo 2 - Tipos de datos, operadores, cadenas, listas y aleatoriedad",
    "Módulo 1 - Introducción y Ambientes de Programación",
    "Bienvenido.md"
  ]
}