{
  "main": {
    "id": "5a2648375e75b8a0",
    "type": "split",
    "children": [
      {
        "id": "119c1c3076227ecb",
        "type": "tabs",
        "children": [
          {
            "id": "b91b032b7b9b4a94",
            "type": "leaf",
            "state": {
              "type": "markdown",
              "state": {
                "file": "Dinámica Rotacional/Conservación del Momento Angular.md",
                "mode": "source",
                "source": false
              },
              "icon": "lucide-file",
              "title": "Conservación del Momento Angular"
            }
          }
        ]
      }
    ],
    "direction": "vertical"
  },
  "left": {
    "id": "e0a8bb6558e8fa36",
    "type": "split",
    "children": [
      {
        "id": "28688c2fbfa4ee72",
        "type": "tabs",
        "children": [
          {
            "id": "01c7dced04275feb",
            "type": "leaf",
            "state": {
              "type": "file-explorer",
              "state": {
                "sortOrder": "byModifiedTimeReverse",
                "autoReveal": false
              },
              "icon": "lucide-folder-closed",
              "title": "Explorador de archivos"
            }
          },
          {
            "id": "6f4d8451dea4532d",
            "type": "leaf",
            "state": {
              "type": "search",
              "state": {
                "query": "",
                "matchingCase": false,
                "explainSearch": false,
                "collapseAll": false,
                "extraContext": false,
                "sortOrder": "alphabetical"
              },
              "icon": "lucide-search",
              "title": "Buscar"
            }
          },
          {
            "id": "2538e2431c681a32",
            "type": "leaf",
            "state": {
              "type": "bookmarks",
              "state": {},
              "icon": "lucide-bookmark",
              "title": "Marcadores"
            }
          }
        ]
      }
    ],
    "direction": "horizontal",
    "width": 300
  },
  "right": {
    "id": "3d93a751619c564f",
    "type": "split",
    "children": [
      {
        "id": "62630943de02c4be",
        "type": "tabs",
        "children": [
          {
            "id": "1ecf1de993a2dde8",
            "type": "leaf",
            "state": {
              "type": "backlink",
              "state": {
                "file": "Sin título.md",
                "collapseAll": false,
                "extraContext": false,
                "sortOrder": "alphabetical",
                "showSearch": false,
                "searchQuery": "",
                "backlinkCollapsed": false,
                "unlinkedCollapsed": true
              },
              "icon": "links-coming-in",
              "title": "Enlaces entrantes de Sin título"
            }
          },
          {
            "id": "39a8aad34bf25e8d",
            "type": "leaf",
            "state": {
              "type": "outgoing-link",
              "state": {
                "file": "Sin título.md",
                "linksCollapsed": false,
                "unlinkedCollapsed": true
              },
              "icon": "links-going-out",
              "title": "Enlaces salientes de Sin título"
            }
          },
          {
            "id": "324de925bfec7c95",
            "type": "leaf",
            "state": {
              "type": "tag",
              "state": {
                "sortOrder": "frequency",
                "useHierarchy": true,
                "showSearch": false,
                "searchQuery": ""
              },
              "icon": "lucide-tags",
              "title": "Etiquetas"
            }
          },
          {
            "id": "2b6ac9b73a1b9add",
            "type": "leaf",
            "state": {
              "type": "outline",
              "state": {
                "file": "Sin título.md",
                "followCursor": false,
                "showSearch": false,
                "searchQuery": ""
              },
              "icon": "lucide-list",
              "title": "Esquema de Sin título"
            }
          }
        ]
      }
    ],
    "direction": "horizontal",
    "width": 300,
    "collapsed": true
  },
  "left-ribbon": {
    "hiddenItems": {
      "switcher:Abrir selector rápido": false,
      "graph:Abrir vista gráfica": false,
      "canvas:Crear nuevo lienzo": false,
      "daily-notes:Abrir la nota de hoy": false,
      "templates:Insertar plantilla": false,
      "command-palette:Abrir paleta de comandos": false
    }
  },
  "active": "01c7dced04275feb",
  "lastOpenFiles": [
    "Imágenes/Pasted image 20250715004951.png",
    "Imágenes/Pasted image 20250715005040.png",
    "Imágenes/Pasted image 20250715004912.png",
    "Pasted image 20250715005040.png",
    "Pasted image 20250715004951.png",
    "Pasted image 20250715004912.png",
    "Dinámica Rotacional/Energía Cinética Rotacional.md",
    "Dinámica Rotacional/Conservación del Momento Angular.md",
    "Imágenes/Pasted image 20250715004651.png",
    "Imágenes/Pasted image 20250715004655.png",
    "Imágenes/Pasted image 20250715004732.png",
    "Imágenes/Pasted image 20250715004805.png",
    "Imágenes/Pasted image 20250715004545.png",
    "Dinámica Rotacional/Segunda Ley de Newton para la Rotación.md",
    "Dinámica Rotacional/Momento de Torsión (Torque).md",
    "Dinámica Rotacional/Momento de Inercia.md",
    "Dinámica Rotacional/Relación entre Variables Lineales y Angulares.md",
    "Momento de Torsión (Torque).md",
    "Dinámica Rotacional/Variables Cinemáticas Rotacionales (Posición Angular, Velocidad Angular, Aceleración Angular).md",
    "Relación entre Variables Lineales y Angulares.md",
    "Variables Cinemáticas Rotacionales (Posición Angular, Velocidad Angular, Aceleración Angular).md",
    "Impulso y Cantidad de Movimiento/Colisiones (Elásticas e Inelásticas).md",
    "Dinámica Rotacional",
    "Impulso y Cantidad de Movimiento/Conservación de la Cantidad de Movimiento Lineal.md",
    "Impulso y Cantidad de Movimiento/Teorema Impulso-Cantidad de Movimiento.md",
    "Impulso y Cantidad de Movimiento/Impulso.md",
    "Impulso y Cantidad de Movimiento/Cantidad de Movimiento Lineal.md",
    "Trabajo y Energía/Potencia.md",
    "Impulso y Cantidad de Movimiento",
    "Trabajo y Energía/Fuerzas Conservativas y No Conservativas.md",
    "Trabajo y Energía/Conservación de la Energía Mecánica.md",
    "Trabajo y Energía/Energías Potenciales (Gravitatoria y Elástica).md",
    "Trabajo y Energía/Teorema Trabajo-Energía Cinética.md",
    "Trabajo y Energía/Trabajo Realizado por una Fuerza Variable.md",
    "Trabajo y Energía/Trabajo Realizado por una Fuerza Constante.md",
    "Dínamica/Aplicaciones de las Leyes de Newton (Plano Inclinado, Sistemas de Masas, Máquinas de Atwood).md",
    "Trabajo y Energía",
    "Dínamica/Fuerzas Comunes (Normal, Tensión, Fricción, Gravedad).md",
    "Dínamica/Diagramas de Cuerpo Libre (DCL).md",
    "Dínamica",
    "Cinemática en dos Dimensiones",
    "Imágenes",
    "Cinemática en una Dimensión"
  ]
}